Class,Variable,Count,Mean,Median,Std,Min,Max,Q1,Q3,IQR,Outlier_Count_IQR
air_conditioner,duration_audio,1000,3.9949279631519277,4.0,0.09312819300633292,2.04,4.0,4.0,4.0,0.0,3
air_conditioner,sample_rate,1000,45367.5,44100.0,1827.575931058347,44100.0,48000.0,44100.0,48000.0,3900.0,0
air_conditioner,audio_samples,1000,181232.823,176400.0,8349.337980485841,97920.0,192000.0,176400.0,192000.0,15600.0,3
air_conditioner,rms_mean,1000,0.058171747723943554,0.051557762548327446,0.04492511568592407,0.001938671455718577,0.24138599634170532,0.019661242607980967,0.08466464281082153,0.06500340020284057,14
air_conditioner,rms_std,1000,0.013648094930707885,0.007746053393930197,0.017170041010452552,6.674406176898628e-05,0.09598613530397415,0.0036824450944550335,0.016899597831070423,0.01321715273661539,81
air_conditioner,zcr_mean,1000,0.05166749392295562,0.036871603260869565,0.04122750566902582,0.0018257472826086957,0.21131669714095744,0.020745863724813542,0.07132240598892085,0.05057654226410731,41
air_conditioner,zcr_std,1000,0.014319906645452612,0.00847240109225426,0.014607586358031808,0.0012002278903774852,0.07443020268636452,0.005391570893293706,0.01592538018695876,0.010533809293665054,109
air_conditioner,spectral_centroid_mean,1000,2653.5402623417667,2232.244613263973,1527.9175991146758,318.84293205619485,9302.891833079699,1802.4025795054868,3065.1169275269795,1262.7143480214927,63
air_conditioner,spectral_centroid_std,1000,342.09357274451344,240.19128016877215,280.44387398105323,50.94628568653093,1796.8139200665241,162.60736877051673,386.21263771871463,223.6052689481979,110
air_conditioner,spectral_bandwidth_mean,1000,3522.673636163503,3507.25968185895,1138.200761027141,978.844185204187,6838.206659960175,2820.3706207896107,4182.813878748094,1362.4432579584832,24
air_conditioner,spectral_bandwidth_std,1000,258.3828827127506,202.25659769303502,182.6702155419181,42.738684360774265,1529.378545613828,146.47955094507375,300.4575541247443,153.97800317967057,83
air_conditioner,spectral_rolloff_mean,1000,5272.203286446894,4523.657863451087,3238.080737581586,195.6712805706522,16861.371858016304,3073.7711234714675,6720.2376407478605,3646.466517276393,51
air_conditioner,spectral_rolloff_std,1000,752.4395435454896,530.948980623427,572.4527515933471,84.80912035812689,5028.912234064267,385.8424573103231,928.458831025528,542.6163737152049,69
air_conditioner,mfcc_1_mean,1000,-281.7213570175171,-260.0563507080078,107.9976601952471,-629.1182861328125,-86.7665786743164,-362.95337677001953,-192.482666015625,170.47071075439453,1
air_conditioner,mfcc_2_mean,1000,158.21643760108947,160.31200408935547,44.912532217626094,23.880876541137695,304.8770446777344,133.26140975952148,185.63944625854492,52.37803649902344,57
air_conditioner,mfcc_3_mean,1000,-13.025144028037321,-14.772476196289062,35.286993591200094,-95.05228424072266,64.01383972167969,-33.779534339904785,10.20419430732727,43.983728647232056,0
air_conditioner,mfcc_4_mean,1000,28.99965123219788,26.937332153320312,20.903606632774096,-77.461181640625,83.04832458496094,17.32266855239868,43.982261657714844,26.659593105316162,8
air_conditioner,mfcc_5_mean,1000,-3.6546432696569244,-4.253056764602661,16.758774146988934,-64.65292358398438,51.31275939941406,-14.516198873519897,9.579714298248291,24.09591317176819,17
air_conditioner,mfcc_6_mean,1000,17.74995491183549,15.769219398498535,12.29361672526686,-7.566931247711182,49.16056823730469,9.17426347732544,25.846787929534912,16.672524452209473,0
air_conditioner,mfcc_7_mean,1000,-1.2045871646888555,1.365559697151184,11.661379263380502,-48.79871368408203,25.220428466796875,-7.515135884284973,5.797135829925537,13.31227171421051,34
air_conditioner,mfcc_8_mean,1000,9.787411434687675,9.96101999282837,8.962558381064522,-21.379533767700195,39.45301818847656,3.673750579357147,15.38603687286377,11.712286293506622,6
air_conditioner,mfcc_9_mean,1000,0.5820999382063746,0.8128462731838226,9.252075273531888,-30.97371482849121,37.211063385009766,-5.587216377258301,6.92827570438385,12.51549208164215,17
air_conditioner,mfcc_10_mean,1000,6.517074603194371,6.8795976638793945,8.547093085420949,-17.9609432220459,25.854522705078125,1.8934474289417267,11.69911503791809,9.805667608976364,31
air_conditioner,mfcc_11_mean,1000,0.5620834374021506,0.5726651251316071,7.336951144015269,-20.909149169921875,16.870338439941406,-4.04135537147522,4.515947699546814,8.557303071022034,22
air_conditioner,mfcc_12_mean,1000,3.628381952693686,4.44413423538208,7.246638618337881,-16.721572875976562,22.20952796936035,-0.0766882412135601,7.91434907913208,7.99103732034564,43
air_conditioner,mfcc_13_mean,1000,0.28821446213056334,0.1304885521531105,5.370053377462828,-13.861872673034668,15.731136322021484,-2.655516743659973,3.988442301750183,6.643959045410156,14
air_conditioner,mfcc_1_std,1000,14.639263332605362,8.312695980072021,14.703147743285182,3.2829952239990234,109.64996337890625,5.293562889099121,19.934138298034668,14.640575408935547,52
air_conditioner,mfcc_2_std,1000,9.284621513843536,6.06500506401062,7.048617346361424,3.331195116043091,47.57301330566406,4.790302157402039,11.733683347702026,6.943381190299988,77
air_conditioner,mfcc_3_std,1000,7.703027766227722,5.519017696380615,5.631813616792027,3.189868450164795,40.3239631652832,4.13031268119812,8.381104946136475,4.2507922649383545,129
air_conditioner,mfcc_4_std,1000,6.14861114859581,4.7594313621521,3.4796476338950377,3.073087453842163,23.991580963134766,4.0173550844192505,6.56290328502655,2.5455482006073,116
air_conditioner,mfcc_5_std,1000,5.8364904198646546,4.679289817810059,2.9137150609006675,3.116422414779663,25.052989959716797,3.9476343989372253,6.347320914268494,2.3996865153312683,105
air_conditioner,mfcc_6_std,1000,5.131278523683548,4.395711183547974,1.9813462939100985,3.1194024085998535,17.002452850341797,3.8365155458450317,5.634164571762085,1.7976490259170532,78
air_conditioner,mfcc_7_std,1000,4.852828205108643,4.205163478851318,1.7324743456150185,2.0932772159576416,12.497711181640625,3.747610092163086,5.3343727588653564,1.5867626667022705,86
air_conditioner,mfcc_8_std,1000,4.8121156523227695,4.070123910903931,1.9154110672553442,2.1067583560943604,24.343996047973633,3.673311412334442,5.470610022544861,1.7972986102104187,63
air_conditioner,mfcc_9_std,1000,4.940074839353562,4.159094333648682,1.948795166196229,2.942256450653076,19.095619201660156,3.7729890942573547,5.639956474304199,1.8669673800468445,58
air_conditioner,mfcc_10_std,1000,4.633813882112503,4.162786245346069,1.3038226774681247,3.0782694816589355,13.548450469970703,3.724377393722534,5.212155103683472,1.4877777099609375,46
air_conditioner,mfcc_11_std,1000,4.481725945711136,4.029160261154175,1.1736239135160578,3.03124737739563,12.34859561920166,3.6902766823768616,4.9591721296310425,1.268895447254181,48
air_conditioner,mfcc_12_std,1000,4.4680148735046386,3.9784464836120605,1.1914812497039005,2.9260056018829346,10.040813446044922,3.6982415914535522,4.890999794006348,1.1927582025527954,66
air_conditioner,mfcc_13_std,1000,4.286089199066162,3.957578182220459,0.9880252186083517,3.094558000564575,11.292543411254883,3.6562368869781494,4.60639488697052,0.9501579999923706,54
car_horn,duration_audio,429,2.4561234169269883,3.49,1.6188479886282516,0.05,4.0,0.7382916666666667,4.0,3.2617083333333334,0
car_horn,sample_rate,429,45493.706293706295,44100.0,11615.904441654437,16000.0,96000.0,44100.0,48000.0,3900.0,36
car_horn,audio_samples,429,107483.49883449884,104542.0,73748.69005304638,2205.0,384000.0,35268.0,176400.0,141132.0,0
car_horn,rms_mean,429,0.08731881988458422,0.07345182448625565,0.06194460229853442,0.0017931328620761633,0.6376851201057434,0.04423874244093895,0.11936592310667038,0.07512718066573143,4
car_horn,rms_std,429,0.029919939691885777,0.021253321319818497,0.033514873107316344,0.0003898179274983704,0.2538955807685852,0.010636575520038605,0.03588279336690903,0.025246217846870422,27
car_horn,zcr_mean,429,0.07676576477418479,0.06488499128486055,0.050412562882123604,0.005974383393595042,0.36383721379950495,0.04625021001344086,0.09371104138962766,0.0474608313761868,22
car_horn,zcr_std,429,0.01854714057404143,0.014799306454728172,0.014717293727241352,0.001972938296308453,0.14856593008689212,0.009970668442967526,0.023228901645922458,0.013258233202954932,20
car_horn,spectral_centroid_mean,429,2445.2025978780434,2211.2738059736425,1008.566477792465,895.2739632987023,8239.339784020249,1803.5035034986292,2750.147081245149,946.6435777465197,32
car_horn,spectral_centroid_std,429,377.3604884482531,270.5858074167944,357.5107316980997,48.14540320284894,2560.867398176333,185.45613077229217,427.1572413441039,241.70111057181174,40
car_horn,spectral_bandwidth_mean,429,2735.487935161038,2522.6698980861925,1114.2463782136933,971.8820156287235,8678.968102350529,2087.0699790692615,3078.83458402043,991.7646049511686,21
car_horn,spectral_bandwidth_std,429,363.8448636099336,281.9350989221245,367.57430793858674,33.870884578657815,3666.9266056241963,188.03032277369152,411.1358545041165,223.10553173042496,29
car_horn,spectral_rolloff_mean,429,4393.3687866982345,3787.409561820652,2255.596713679422,1139.0625,15946.533203125,3023.074473505435,4852.017597087379,1828.9431235819438,46
car_horn,spectral_rolloff_std,429,808.339748625424,505.4027183103635,990.6520490675038,36.06089172949539,9905.855698047859,298.3688718715668,942.2370273473259,643.8681554757591,33
car_horn,mfcc_1_mean,429,-246.94725369184445,-227.58267211914062,94.62663640482562,-595.2222900390625,-55.99650955200195,-284.2514343261719,-184.05108642578125,100.20034790039062,20
car_horn,mfcc_2_mean,429,159.3286484832808,165.47964477539062,47.509631081797046,-20.806781768798828,257.9576416015625,143.7865753173828,192.3471221923828,48.560546875,26
car_horn,mfcc_3_mean,429,-54.50328380572837,-58.588497161865234,33.836905397037604,-145.55055236816406,56.749855041503906,-71.2332763671875,-33.354244232177734,37.879032135009766,25
car_horn,mfcc_4_mean,429,27.826490625513323,29.426042556762695,21.55927269601139,-32.518619537353516,82.43633270263672,13.298273086547852,41.46492004394531,28.16664695739746,5
car_horn,mfcc_5_mean,429,-12.247177686168875,-11.426206588745117,17.873285727304097,-70.82384490966797,43.20491027832031,-19.978069305419922,-1.909582257270813,18.06848704814911,33
car_horn,mfcc_6_mean,429,11.601004556481376,11.33376693725586,13.600282117712236,-44.36030960083008,46.64573287963867,2.3783676624298096,21.30333709716797,18.92496943473816,5
car_horn,mfcc_7_mean,429,-11.73119899356143,-11.561151504516602,14.462079212541996,-59.20176696777344,28.413660049438477,-21.31423568725586,-1.7216509580612183,19.59258472919464,4
car_horn,mfcc_8_mean,429,6.455401919704009,7.7536163330078125,11.292614571118333,-25.99884033203125,42.781455993652344,-0.5045583844184875,13.620476722717285,14.125035107135773,8
car_horn,mfcc_9_mean,429,3.354113701626763,2.9904980659484863,9.32878603516033,-27.377132415771484,35.319149017333984,-2.273627758026123,8.131630897521973,10.405258655548096,17
car_horn,mfcc_10_mean,429,-2.4372428400324773,-2.861426591873169,9.047816539426488,-25.507606506347656,19.007118225097656,-8.126633644104004,3.9434895515441895,12.070123195648193,0
car_horn,mfcc_11_mean,429,-4.278693190678121,-2.6513915061950684,9.558656964928938,-41.86614227294922,14.504080772399902,-9.736123085021973,1.9231289625167847,11.659252047538757,10
car_horn,mfcc_12_mean,429,0.8158612173375058,1.2857495546340942,7.494937863785285,-26.057220458984375,33.73746871948242,-2.5499014854431152,5.008184909820557,7.558086395263672,29
car_horn,mfcc_13_mean,429,-0.6761232601947613,-0.4451904296875,7.307061964357128,-24.908031463623047,25.06853675842285,-5.039690017700195,4.144029140472412,9.183719158172607,6
car_horn,mfcc_1_std,429,34.530057703142674,25.131927490234375,29.24504704277643,3.356616735458374,172.7631378173828,16.08561897277832,41.83412170410156,25.748502731323242,36
car_horn,mfcc_2_std,429,14.866570706134075,12.84332275390625,8.417418938640557,3.725583076477051,57.911170959472656,9.168327331542969,18.09670066833496,8.928373336791992,22
car_horn,mfcc_3_std,429,12.641423065901359,9.927238464355469,8.179945340797708,3.021430015563965,55.03875732421875,7.445316791534424,14.978631973266602,7.533315181732178,31
car_horn,mfcc_4_std,429,8.906780852582349,7.993459701538086,3.9475249280671387,2.3018438816070557,32.323455810546875,6.306136608123779,10.471512794494629,4.16537618637085,18
car_horn,mfcc_5_std,429,8.423586392458224,7.428905010223389,3.8447934832505912,2.1396899223327637,28.59571075439453,5.8908772468566895,9.830699920654297,3.9398226737976074,21
car_horn,mfcc_6_std,429,6.727701779567834,6.375621318817139,2.0941062550131915,2.2158844470977783,14.880667686462402,5.329070568084717,7.7733845710754395,2.4443140029907227,13
car_horn,mfcc_7_std,429,7.321693430969487,6.579502582550049,3.1026542814023204,2.1296727657318115,20.275672912597656,5.307283878326416,8.482388496398926,3.1751046180725098,25
car_horn,mfcc_8_std,429,6.307525084568904,5.741030216217041,2.2755712155859906,2.266090154647827,17.651424407958984,4.869112014770508,7.162798881530762,2.293686866760254,20
car_horn,mfcc_9_std,429,5.838020651490538,5.434114456176758,1.8018041482326386,1.8827385902404785,13.014863014221191,4.794116973876953,6.591653347015381,1.7975363731384277,26
car_horn,mfcc_10_std,429,5.770201544105868,5.534634590148926,1.7813559363913016,2.0791006088256836,15.261347770690918,4.690337657928467,6.618598461151123,1.9282608032226562,12
car_horn,mfcc_11_std,429,5.726042171736141,5.450725555419922,1.8258510730813424,2.0042450428009033,14.036776542663574,4.557590961456299,6.546624660491943,1.9890336990356445,17
car_horn,mfcc_12_std,429,5.359947320464608,5.151176929473877,1.5205245948417525,1.7232344150543213,11.260427474975586,4.394270896911621,6.062992572784424,1.6687216758728027,22
car_horn,mfcc_13_std,429,5.139209609487396,5.009483337402344,1.3237153478528472,1.749798059463501,10.836023330688477,4.275017261505127,5.757369041442871,1.4823517799377441,15
children_playing,duration_audio,1000,3.9620948078486355,4.0,0.26761883644462864,1.04843537414966,4.036647314949202,4.0,4.0,0.0,31
children_playing,sample_rate,1000,45730.718,44100.0,8122.550681038688,11024.0,96000.0,44100.0,48000.0,3900.0,38
children_playing,audio_samples,1000,181237.308,176400.0,34852.61255626518,44100.0,384000.0,176400.0,192000.0,15600.0,60
children_playing,rms_mean,1000,0.03218689555310993,0.02306762244552374,0.03392664512422457,0.0003870459331665188,0.24875408411026,0.012285404605790973,0.03768861014395952,0.02540320553816855,78
children_playing,rms_std,1000,0.015818520715169142,0.009861165657639503,0.018026077466903805,0.0001268823107238859,0.13289715349674225,0.004377743694931269,0.020035989582538605,0.015658245887607336,77
children_playing,zcr_mean,1000,0.0588431707898394,0.05407820991847826,0.03856537544707489,0.0006057518115942029,0.4110205639367816,0.03800774173460145,0.07098724807518117,0.03297950634057972,34
children_playing,zcr_std,1000,0.019819499123060042,0.01574408124593267,0.015708921634315923,0.0024923955122056816,0.20237020764323727,0.011371521212358734,0.022913963874822738,0.011542442662464004,76
children_playing,spectral_centroid_mean,1000,2524.082676058383,2405.8436468205364,850.4011494239276,793.2486123655079,7268.494861318211,1989.1299544030646,2929.249233174853,940.1192787717885,37
children_playing,spectral_centroid_std,1000,488.0865893651464,404.8470001142704,342.33438715081206,68.63349449326958,4424.669118120549,270.276648144237,595.3101999469628,325.0335518027258,59
children_playing,spectral_bandwidth_mean,1000,3220.2859827287652,3167.6424186354097,969.4035999063216,1171.9508314354894,6316.031493837187,2510.5995726963183,3790.8552053045405,1280.2556326082222,15
children_playing,spectral_bandwidth_std,1000,435.30615205360914,380.4017181133321,222.35354417857482,29.62150848430537,1719.686621200814,267.16607864031977,565.3133778282262,298.1472991879064,14
children_playing,spectral_rolloff_mean,1000,4787.97763537725,4364.304707374537,1973.3181152601137,1256.103515625,15346.807489809782,3594.436270037147,5602.048513745953,2007.6122437088056,56
children_playing,spectral_rolloff_std,1000,1239.3509591036798,1019.1920725493478,817.0253446425323,109.48998341052231,7094.509344357912,638.6906776410441,1645.9712306344595,1007.2805529934154,36
children_playing,mfcc_1_mean,1000,-343.94752961349485,-335.9051818847656,101.35109618961134,-804.807861328125,-30.006378173828125,-400.9234161376953,-286.43888092041016,114.48453521728516,32
children_playing,mfcc_2_mean,1000,154.68261549448968,157.10423278808594,36.64870776581106,-15.778802871704102,243.93983459472656,134.24688720703125,179.2159538269043,44.96906661987305,11
children_playing,mfcc_3_mean,1000,-35.25771959214285,-31.36817169189453,34.05545097567965,-169.03509521484375,35.588218688964844,-55.01161289215088,-12.653255701065063,42.358357191085815,38
children_playing,mfcc_4_mean,1000,16.243407397035508,16.95249366760254,18.955728546902883,-52.35622787475586,82.8376693725586,5.726015567779541,27.743221759796143,22.0172061920166,39
children_playing,mfcc_5_mean,1000,-2.5475003313487394,-2.244183301925659,16.105030714678072,-74.70831298828125,58.57172393798828,-12.611993551254272,7.620757579803467,20.23275113105774,21
children_playing,mfcc_6_mean,1000,6.977856825448573,7.550504922866821,12.628265297477604,-57.60102081298828,39.04922866821289,-0.2266085259616375,15.591009855270386,15.817618381232023,21
children_playing,mfcc_7_mean,1000,-2.5883641045952683,-2.5419777631759644,10.423436216306435,-44.25355529785156,27.782245635986328,-9.752413988113403,4.1699570417404175,13.92237102985382,13
children_playing,mfcc_8_mean,1000,6.772274438004009,7.0483176708221436,9.051354458461509,-33.32907485961914,34.61927795410156,1.3980136513710022,12.717020034790039,11.319006383419037,19
children_playing,mfcc_9_mean,1000,-1.2736781742519234,-0.7823081016540527,9.04247340361915,-29.760250091552734,25.323814392089844,-6.191031217575073,4.792196869850159,10.983228087425232,31
children_playing,mfcc_10_mean,1000,1.0672039720546453,1.4815229773521423,7.4894378769271235,-25.336904525756836,27.398401260375977,-4.125085830688477,5.528117418289185,9.653203248977661,15
children_playing,mfcc_11_mean,1000,2.91020518853073,2.439135432243347,7.257396397638073,-17.944194793701172,27.35053253173828,-1.9730757772922516,7.833159923553467,9.806235700845718,7
children_playing,mfcc_12_mean,1000,-0.2451755137881264,0.14365506172180176,6.375882704081499,-27.637460708618164,21.31691551208496,-3.7623454928398132,3.70865136384964,7.470996856689453,30
children_playing,mfcc_13_mean,1000,0.06069193698093295,0.2926287204027176,5.821658479906385,-21.893569946289062,18.679534912109375,-3.0346596240997314,3.5720672011375427,6.606726825237274,41
children_playing,mfcc_1_std,1000,32.29564349746704,26.07753086090088,22.87612503822376,5.600988864898682,161.25296020507812,17.520290851593018,37.890506744384766,20.370215892791748,78
children_playing,mfcc_2_std,1000,14.961071237564086,13.751588821411133,6.760341511918176,3.936072826385498,67.48722839355469,10.007896661758423,18.019537448883057,8.011640787124634,36
children_playing,mfcc_3_std,1000,16.483644474506377,14.902158260345459,7.417078803360674,4.802914142608643,44.10501480102539,10.974486589431763,20.654139518737793,9.67965292930603,30
children_playing,mfcc_4_std,1000,11.354377584218978,10.513701438903809,4.109442269194306,3.927901029586792,32.67625427246094,8.530287027359009,13.440303325653076,4.910016298294067,29
children_playing,mfcc_5_std,1000,9.848690397262573,9.227372169494629,3.5209195835403775,4.185487747192383,33.715049743652344,7.433565735816956,11.255524158477783,3.8219584226608276,40
children_playing,mfcc_6_std,1000,8.903459758758546,8.426082134246826,2.7587458455067546,3.8574390411376953,23.952646255493164,6.828161239624023,10.394603729248047,3.5664424896240234,19
children_playing,mfcc_7_std,1000,8.772434549570084,8.043702602386475,3.1418537541734506,3.890535831451416,24.661340713500977,6.531434178352356,10.212063312530518,3.6806291341781616,37
children_playing,mfcc_8_std,1000,7.831469308137894,7.482823371887207,2.3012078395517985,3.9087493419647217,25.58690643310547,6.182939410209656,8.949276685714722,2.766337275505066,30
children_playing,mfcc_9_std,1000,7.461758497953415,7.095777750015259,2.1613951662793633,3.5655078887939453,18.962270736694336,5.884070158004761,8.48724913597107,2.6031789779663086,32
children_playing,mfcc_10_std,1000,7.263448039770126,6.715210914611816,2.1919222580410094,3.2527871131896973,19.316057205200195,5.776168704032898,8.217910766601562,2.4417420625686646,49
children_playing,mfcc_11_std,1000,7.052207220315934,6.6140666007995605,1.9539158856163243,3.674301862716675,16.361629486083984,5.622132897377014,8.112056732177734,2.48992383480072,23
children_playing,mfcc_12_std,1000,7.032975921630859,6.584134340286255,2.197610525046313,3.572512626647949,19.983930587768555,5.429158687591553,8.084768772125244,2.6556100845336914,28
children_playing,mfcc_13_std,1000,6.854940941572189,6.438878297805786,1.9555578938057392,3.1479618549346924,18.96605682373047,5.485525965690613,7.822085738182068,2.336559772491455,28
dog_bark,duration_audio,1000,3.148280750637755,4.0,1.3315721872953243,0.1198185941043084,4.0,2.04,4.0,1.96,0
dog_bark,sample_rate,1000,48428.75,44100.0,15904.509914584703,11025.0,96000.0,44100.0,48000.0,3900.0,128
dog_bark,audio_samples,1000,153478.307,176400.0,87096.93182511137,5284.0,384000.0,83324.0,176400.0,93076.0,69
dog_bark,rms_mean,1000,0.054856452237581836,0.03436160646378994,0.06437791320220104,0.0010927305556833744,0.6829316020011902,0.01761029800400138,0.06654573231935501,0.04893543431535363,81
dog_bark,rms_std,1000,0.052424442064628235,0.03530049882829189,0.053764255395282554,0.0002648575755301863,0.3023461699485779,0.012697143014520407,0.07298824563622475,0.06029110262170434,61
dog_bark,zcr_mean,1000,0.059432879561775974,0.04510826089666686,0.04887129540320021,0.0023876245471014493,0.43645411361882713,0.03052597451590358,0.07260282212409419,0.04207684760819061,69
dog_bark,zcr_std,1000,0.024916722432916694,0.01676089889746951,0.02889307206837137,0.002268613813443054,0.38827008081671865,0.010220237730229472,0.031148769260733615,0.02092853153050414,51
dog_bark,spectral_centroid_mean,1000,2841.276862798774,2389.82155321218,1913.4901840457533,532.5138647803033,18673.860820939608,1713.97997903559,3277.311497653688,1563.331518618098,57
dog_bark,spectral_centroid_std,1000,921.279881227867,668.646646325878,1174.3708299922516,68.11251728669086,18013.89212213612,366.97619791492986,1085.396676932667,718.4204790177373,58
dog_bark,spectral_bandwidth_mean,1000,3685.307977782775,3317.328171571869,2023.6512626977146,659.183713124074,19421.57503789438,2522.5866416058134,4418.184553869204,1895.5979122633908,31
dog_bark,spectral_bandwidth_std,1000,926.870792994538,716.6439798587749,732.6654011229086,60.33727270098337,5351.092404543602,428.5566838966646,1184.782505473707,756.2258215770424,43
dog_bark,spectral_rolloff_mean,1000,5466.747412388199,4314.504925271739,4398.299005008858,774.9506170099431,44127.91278295606,2717.072383822341,6646.301163383152,3929.228779560811,53
dog_bark,spectral_rolloff_std,1000,2419.6971459854867,1853.4795251370542,2320.3736568178856,75.36511898872241,21334.61158804723,907.069421754573,3076.1170276324974,2169.0476058779245,49
dog_bark,mfcc_1_mean,1000,-368.9051470756531,-368.4990692138672,109.91233814075309,-715.944091796875,101.03741455078125,-439.3187713623047,-291.15504455566406,148.16372680664062,8
dog_bark,mfcc_2_mean,1000,133.2470840024948,135.63715362548828,44.87741246662291,11.911096572875977,283.4353332519531,102.19743156433105,166.46869659423828,64.27126502990723,1
dog_bark,mfcc_3_mean,1000,-8.931002240486443,-4.658567190170288,35.42808151695358,-144.44943237304688,87.93460083007812,-28.484705924987793,14.456087589263916,42.94079351425171,27
dog_bark,mfcc_4_mean,1000,-3.2225314084794374,-2.80106520652771,24.03036017373578,-85.0576400756836,86.18246459960938,-16.971160411834717,9.933223962783813,26.90438437461853,36
dog_bark,mfcc_5_mean,1000,-12.2009732657345,-11.239561080932617,17.93939596114903,-86.25835418701172,70.66703033447266,-22.67218017578125,-1.4683097898960114,21.20387038588524,25
dog_bark,mfcc_6_mean,1000,-2.0710859776623547,-1.6810880303382874,15.174002806364307,-51.998138427734375,61.191261291503906,-11.23619532585144,6.4629151821136475,17.699110507965088,26
dog_bark,mfcc_7_mean,1000,-4.583811896087602,-3.858245611190796,12.739021365153313,-49.671504974365234,32.5032844543457,-12.62799072265625,4.1270681619644165,16.755058884620667,6
dog_bark,mfcc_8_mean,1000,-1.5101162967626005,-1.297728717327118,12.61029422379873,-44.257022857666016,38.36625289916992,-9.722199440002441,6.8144437074661255,16.536643147468567,18
dog_bark,mfcc_9_mean,1000,-2.7654635445020976,-2.31686794757843,9.894919072176378,-41.97339630126953,35.8253059387207,-8.608417749404907,3.3894412517547607,11.997859001159668,26
dog_bark,mfcc_10_mean,1000,-0.09438762917090207,0.2809324562549591,8.962884630286089,-28.243133544921875,30.4117374420166,-5.502401947975159,5.313995361328125,10.816397309303284,26
dog_bark,mfcc_11_mean,1000,-0.9122218264583498,-1.0098104774951935,8.737042082341056,-39.36123275756836,26.562358856201172,-6.355600714683533,4.606666564941406,10.962267279624939,21
dog_bark,mfcc_12_mean,1000,1.0625883459434844,1.0596164464950562,8.310454296973742,-49.352420806884766,40.046329498291016,-4.089972138404846,6.682670831680298,10.772642970085144,9
dog_bark,mfcc_13_mean,1000,0.6123666955479421,0.9834655523300171,7.001628010841402,-22.951597213745117,23.578826904296875,-3.828716516494751,5.277064681053162,9.105781197547913,19
dog_bark,mfcc_1_std,1000,68.70987234306335,64.31174850463867,43.255526015758264,5.807572364807129,207.43016052246094,29.655967235565186,102.07861137390137,72.42264413833618,0
dog_bark,mfcc_2_std,1000,31.8662032122612,27.808432579040527,18.13308093760791,4.4960174560546875,93.59859466552734,17.17799186706543,43.811317443847656,26.633325576782227,9
dog_bark,mfcc_3_std,1000,23.031615206718445,21.88991069793701,12.725867445491769,3.6184072494506836,89.64309692382812,12.80100393295288,30.275364875793457,17.474360942840576,12
dog_bark,mfcc_4_std,1000,16.980153188228606,16.206521034240723,7.250906290521684,4.264252662658691,49.33462905883789,11.810049057006836,21.32597255706787,9.515923500061035,11
dog_bark,mfcc_5_std,1000,16.37862534737587,15.742186069488525,7.039040476553744,3.9694998264312744,44.133453369140625,10.745826482772827,21.055703163146973,10.309876680374146,4
dog_bark,mfcc_6_std,1000,10.70097804236412,10.070258617401123,4.070127967758827,3.791836977005005,31.1480712890625,7.597566485404968,12.988579034805298,5.39101254940033,21
dog_bark,mfcc_7_std,1000,9.746216009140015,9.225579261779785,3.711408608657307,3.6502976417541504,34.83628463745117,6.913954496383667,11.93150281906128,5.017548322677612,15
dog_bark,mfcc_8_std,1000,10.07177315044403,9.445188999176025,3.9873965758195977,3.6327171325683594,31.85027313232422,7.0362162590026855,12.333750486373901,5.297534227371216,14
dog_bark,mfcc_9_std,1000,8.982459926366806,8.439857482910156,3.2969047150100788,3.000192403793335,26.494626998901367,6.603343367576599,10.653679132461548,4.050335764884949,24
dog_bark,mfcc_10_std,1000,8.113228877544403,7.634726285934448,2.962537856138176,3.357858419418335,37.75944900512695,6.133056282997131,9.560048818588257,3.4269925355911255,23
dog_bark,mfcc_11_std,1000,8.04244809126854,7.689760208129883,2.7180184298721395,2.911130905151367,25.504287719726562,6.002922773361206,9.73233675956726,3.7294139862060547,11
dog_bark,mfcc_12_std,1000,7.7675636234283445,7.261650085449219,2.717043314851658,2.5799713134765625,28.650957107543945,5.886892914772034,9.212361335754395,3.325468420982361,20
dog_bark,mfcc_13_std,1000,7.2565879416465755,6.8416266441345215,2.3679432593748806,3.394371509552002,21.895715713500977,5.62895143032074,8.438489437103271,2.8095380067825317,33
drilling,duration_audio,1000,3.546294725127551,4.0,1.0073872926342193,0.4168480725623583,4.007936507936508,4.0,4.0,0.0,196
drilling,sample_rate,1000,51101.25,44100.0,25065.60582816687,16000.0,192000.0,44100.0,44100.0,0.0,300
drilling,audio_samples,1000,184172.009,176400.0,114236.75884192281,18383.0,768000.0,175939.75,176400.0,460.25,485
drilling,rms_mean,1000,0.07929120492353105,0.068440992385149,0.05776234408742885,0.0037530919071286917,0.5793502926826477,0.04099445044994354,0.10916678607463837,0.06817233562469482,14
drilling,rms_std,1000,0.022598013974784406,0.017087392508983612,0.0199426592761104,0.0005414795014075935,0.15564905107021332,0.008589671924710274,0.030211396981030703,0.02162172505632043,56
drilling,zcr_mean,1000,0.15624955333392024,0.12520423292700042,0.11019037871222011,0.017693844833815028,0.631769707862367,0.06344609291436604,0.22862396739586988,0.16517787448150384,9
drilling,zcr_std,1000,0.02880349179197945,0.0200103118434417,0.02630855708090907,0.0029200950949190667,0.21274989696533195,0.010602760958328088,0.03751262647066121,0.026909865512333125,48
drilling,spectral_centroid_mean,1000,4533.501571784324,4078.8697901315963,2129.7077404278766,537.0323468821705,10907.707765031655,2896.5418806488465,6018.250234356798,3121.708353707951,11
drilling,spectral_centroid_std,1000,465.56277390075644,351.43121346102095,384.42755636881867,56.19463240423736,2931.7349833215703,196.3103818834571,610.961502902669,414.6511210192119,43
drilling,spectral_bandwidth_mean,1000,3777.4409624600003,3897.264466906685,1147.6086225984689,1197.290620312377,7007.285666521505,2911.912623944879,4706.070990669026,1794.158366724147,0
drilling,spectral_bandwidth_std,1000,277.03188074552395,224.0694862421709,210.77750567066317,51.09758111901087,2051.8219119746545,128.70703337932733,357.3531634149832,228.6461300356559,42
drilling,spectral_rolloff_mean,1000,8349.357741889706,8203.72341916432,3619.7669224960314,605.8547179822976,19285.50947473404,5478.249724014946,11292.916737432064,5814.667013417118,0
drilling,spectral_rolloff_std,1000,877.7797302343162,693.1945630169388,725.7490153686067,47.81565583354173,4726.615193000404,312.8136254273262,1227.4163510088465,914.6027255815203,30
drilling,mfcc_1_mean,1000,-192.45889385795593,-179.998046875,93.89336665331977,-594.9378051757812,54.05833435058594,-251.81422424316406,-130.46677017211914,121.34745407104492,15
drilling,mfcc_2_mean,1000,113.97369225037471,122.80688095092773,73.14887173117832,-60.99418640136719,264.2610168457031,48.382065773010254,172.21562957763672,123.83356380462646,0
drilling,mfcc_3_mean,1000,-56.57821940090694,-50.989654541015625,44.00459468517226,-192.4462890625,41.2469482421875,-77.64462280273438,-30.5675950050354,47.077027797698975,45
drilling,mfcc_4_mean,1000,27.73690308002755,26.957016944885254,25.929754955201652,-56.390506744384766,94.76935577392578,10.931167364120483,45.787840843200684,34.8566734790802,7
drilling,mfcc_5_mean,1000,-21.259864185187965,-22.14358901977539,18.217232229009444,-80.34833526611328,20.081424713134766,-33.5370979309082,-7.171700477600098,26.365397453308105,3
drilling,mfcc_6_mean,1000,10.579780535809697,12.906513214111328,16.929500227374035,-48.44674301147461,73.38933563232422,1.3432919681072235,22.24267816543579,20.899386197328568,27
drilling,mfcc_7_mean,1000,-12.344940840844997,-11.922629356384277,17.16392112227189,-55.268714904785156,36.840980529785156,-24.93830394744873,-1.8508148789405823,23.087489068508148,7
drilling,mfcc_8_mean,1000,5.959679507781751,5.104620695114136,13.281782048159206,-28.431726455688477,50.78776550292969,-2.3022746443748474,13.200400352478027,15.502674996852875,22
drilling,mfcc_9_mean,1000,-5.529749591944739,-6.19294810295105,13.302495528131686,-38.03966522216797,48.243804931640625,-14.264554262161255,1.8130654096603394,16.077619671821594,32
drilling,mfcc_10_mean,1000,2.2910255249172913,2.091444730758667,9.263338478187434,-30.702880859375,29.821504592895508,-3.619393229484558,7.661466002464294,11.280859231948853,25
drilling,mfcc_11_mean,1000,-2.7738304836023597,-2.6871782541275024,9.912778623791908,-32.58468246459961,27.89805030822754,-9.508294582366943,3.4633164405822754,12.971611022949219,10
drilling,mfcc_12_mean,1000,0.005672878332436085,0.3714397996664047,9.281941478709369,-27.46590232849121,25.802907943725586,-5.700528979301453,5.645474314689636,11.346003293991089,28
drilling,mfcc_13_mean,1000,-2.953923528992571,-2.4555509090423584,8.113925581069514,-27.567428588867188,21.78623390197754,-7.633970618247986,2.0743340253829956,9.708304643630981,29
drilling,mfcc_1_std,1000,44.67310464525223,28.192465782165527,42.280862812767026,4.055429458618164,232.15220642089844,10.972352743148804,65.61437225341797,54.642019510269165,29
drilling,mfcc_2_std,1000,13.664954958915711,10.762153148651123,9.238485567051292,3.049720287322998,65.08747100830078,6.951582551002502,17.17841339111328,10.226830840110779,58
drilling,mfcc_3_std,1000,11.131161487102508,8.670487880706787,7.316370710461775,2.774336576461792,47.62577819824219,5.773708939552307,14.323124408721924,8.549415469169617,50
drilling,mfcc_4_std,1000,8.232401766777038,6.872830152511597,4.554994817049303,2.7864456176757812,30.031661987304688,5.202979326248169,9.750633478164673,4.547654151916504,66
drilling,mfcc_5_std,1000,8.399166852235794,6.949055433273315,4.698210237357802,2.549086332321167,40.349021911621094,5.105944275856018,10.311399936676025,5.205455660820007,42
drilling,mfcc_6_std,1000,6.53393038034439,5.847323417663574,2.64008190253916,2.7568044662475586,21.368452072143555,4.7343430519104,7.552553772926331,2.81821072101593,61
drilling,mfcc_7_std,1000,6.8132257506847385,5.699273347854614,3.39070495579178,2.601696729660034,25.25345802307129,4.493048787117004,7.791453957557678,3.298405170440674,80
drilling,mfcc_8_std,1000,5.957257171630859,5.443557262420654,2.2666696526442145,2.8055338859558105,21.645675659179688,4.395867943763733,6.778997421264648,2.3831294775009155,52
drilling,mfcc_9_std,1000,6.031657783508301,5.351807117462158,2.4881202222888645,2.556689500808716,19.404617309570312,4.341896414756775,6.712186932563782,2.370290517807007,80
drilling,mfcc_10_std,1000,5.380966769695282,5.063762664794922,1.6623777837490106,2.4278130531311035,15.920573234558105,4.261272668838501,6.025571703910828,1.7642990350723267,44
drilling,mfcc_11_std,1000,5.376897768259049,5.041792392730713,1.6823675491538839,2.4930150508880615,14.27957534790039,4.247325658798218,5.990342020988464,1.7430163621902466,46
drilling,mfcc_12_std,1000,5.188377309799194,4.940558195114136,1.5187427796152069,2.5899035930633545,13.522684097290039,4.174601316452026,5.765432357788086,1.5908310413360596,44
drilling,mfcc_13_std,1000,5.174387687444687,4.9061360359191895,1.5249884656603212,2.2751870155334473,12.984810829162598,4.148279547691345,5.77492880821228,1.626649260520935,47
engine_idling,duration_audio,1000,3.935952393424036,4.0,0.37090853295151377,0.7665532879818594,4.0,4.0,4.0,0.0,39
engine_idling,sample_rate,1000,49752.3,44100.0,13677.98823190282,44100.0,96000.0,44100.0,48000.0,3900.0,79
engine_idling,audio_samples,1000,195691.872,176400.0,56565.56973779525,33805.0,384000.0,176400.0,192000.0,15600.0,107
engine_idling,rms_mean,1000,0.09542911692662165,0.053362274542450905,0.10092582198430705,0.003394517581909895,0.4501420557498932,0.035177492536604404,0.11181342042982578,0.07663592789322138,88
engine_idling,rms_std,1000,0.015552565709105693,0.009576900862157345,0.017086137298408084,0.0003292381879873574,0.11481757462024689,0.005096835899166763,0.01892793783918023,0.013831101940013468,92
engine_idling,zcr_mean,1000,0.03787714918232204,0.031179234601449276,0.032105359077395264,0.0028900588768115943,0.21763838098404256,0.013512794007646276,0.05316356714221014,0.03965077313456387,19
engine_idling,zcr_std,1000,0.00867148874293342,0.007436319431171758,0.006651943420424392,0.00023667333534033627,0.06670010019210593,0.004049435628906105,0.011592402633312526,0.007542967004406421,36
engine_idling,spectral_centroid_mean,1000,2268.488240039378,2040.462494881202,1286.6091665374909,383.199052471612,7684.829287332753,1304.0390857638538,2946.5909522994093,1642.5518665355555,17
engine_idling,spectral_centroid_std,1000,346.267577269914,292.66585761823126,217.7238108349619,36.60275373008794,1772.150445855082,189.42473316045522,458.53497968630984,269.1102465258546,13
engine_idling,spectral_bandwidth_mean,1000,3172.1825736792525,2907.202269870967,1144.8913003729613,1172.8818876980308,6188.597612756282,2423.394536761511,4098.097757840818,1674.7032210793072,0
engine_idling,spectral_bandwidth_std,1000,307.8530173271233,259.52266691291834,170.8811987301206,69.9789722263867,1989.335559421587,181.07651626365447,418.1092585154752,237.0327422518207,8
engine_idling,spectral_rolloff_mean,1000,4692.558216033573,3987.803357712766,3133.399406433226,249.08577127659575,15318.712599734043,2224.380817819149,6558.327105978261,4333.946288159112,18
engine_idling,spectral_rolloff_std,1000,799.2383898919451,672.1905959750942,544.0437297783476,43.66397798870143,5198.055562525617,418.2567030346374,1054.4238751091043,636.1671720744669,22
engine_idling,mfcc_1_mean,1000,-271.31445004844664,-282.3874206542969,124.18508280081541,-522.2706298828125,-20.86153221130371,-371.20555877685547,-175.10530471801758,196.1002540588379,0
engine_idling,mfcc_2_mean,1000,167.36253324890137,173.5670928955078,44.144109025863486,53.95830535888672,283.0049133300781,127.95100593566895,195.74381256103516,67.79280662536621,0
engine_idling,mfcc_3_mean,1000,-19.1610341174677,-22.182320594787598,29.505608130559843,-153.3679656982422,61.40925216674805,-39.21542453765869,3.7368239760398865,42.95224851369858,1
engine_idling,mfcc_4_mean,1000,31.903937562584876,34.007890701293945,21.753440073827772,-61.79523468017578,80.29266357421875,23.34142827987671,45.968939781188965,22.627511501312256,33
engine_idling,mfcc_5_mean,1000,-0.17683647185820156,0.2785995751619339,17.556000172976738,-38.175567626953125,50.85406494140625,-13.275310039520264,9.282656192779541,22.557966232299805,18
engine_idling,mfcc_6_mean,1000,12.672117510860787,15.137494087219238,15.84329082095566,-45.404754638671875,47.94346237182617,6.853729605674744,24.048357486724854,17.19462788105011,46
engine_idling,mfcc_7_mean,1000,4.528354820531822,5.279369831085205,13.897588940761784,-30.860645294189453,39.37164306640625,-5.373081088066101,14.658649682998657,20.03173077106476,0
engine_idling,mfcc_8_mean,1000,11.020745147675276,12.734211444854736,13.818364242699074,-35.568031311035156,41.07991409301758,6.440683722496033,19.19260263442993,12.751918911933899,101
engine_idling,mfcc_9_mean,1000,2.7487977884225545,4.323232412338257,10.969058338119169,-27.62604522705078,26.17735481262207,-5.568185925483704,11.76459789276123,17.332783818244934,0
engine_idling,mfcc_10_mean,1000,7.942228298291564,9.188828945159912,9.792301613750876,-28.32872200012207,32.30686569213867,3.6390004754066467,14.175347566604614,10.536347091197968,74
engine_idling,mfcc_11_mean,1000,0.47348818771727386,2.7800838947296143,11.547211195628577,-31.734756469726562,22.77627182006836,-4.606674909591675,7.832775831222534,12.439450740814209,79
engine_idling,mfcc_12_mean,1000,5.014223757274449,5.731716871261597,7.280792436355008,-21.83868980407715,29.0048770904541,2.166723906993866,9.255700826644897,7.0889769196510315,77
engine_idling,mfcc_13_mean,1000,2.051704581482103,3.067201018333435,6.271473988740206,-16.788516998291016,16.97678565979004,-2.4946638345718384,6.49854052066803,8.993204355239868,2
engine_idling,mfcc_1_std,1000,19.219474541664123,13.004080772399902,16.256133460231947,3.8968396186828613,103.04015350341797,8.702701091766357,23.430181980133057,14.7274808883667,103
engine_idling,mfcc_2_std,1000,10.716634296894073,8.32328748703003,7.602303481099781,3.769895553588867,54.175174713134766,6.33581805229187,11.695932388305664,5.360114336013794,81
engine_idling,mfcc_3_std,1000,7.797033926725388,6.7228827476501465,3.628895280126816,3.3535354137420654,32.46916961669922,5.4461939334869385,8.95621919631958,3.5100252628326416,75
engine_idling,mfcc_4_std,1000,6.233303976297378,5.734319448471069,2.2041004659195607,3.1420047283172607,16.977825164794922,4.4820486307144165,7.416710615158081,2.9346619844436646,25
engine_idling,mfcc_5_std,1000,5.781039713859558,5.529267072677612,1.6888516405116718,3.048617362976074,12.863285064697266,4.541836380958557,6.705103278160095,2.163266897201538,24
engine_idling,mfcc_6_std,1000,5.534834810972214,4.925622940063477,1.9148995313336747,3.164050579071045,15.562577247619629,4.231668949127197,5.88383686542511,1.6521679162979126,108
engine_idling,mfcc_7_std,1000,5.304229223489761,4.814692974090576,1.715011496293043,2.9518368244171143,12.929291725158691,4.133124589920044,5.646452188491821,1.5133275985717773,101
engine_idling,mfcc_8_std,1000,4.925878893852234,4.608648777008057,1.228414856551327,2.731004238128662,12.228348731994629,4.057047724723816,5.417755961418152,1.360708236694336,40
engine_idling,mfcc_9_std,1000,4.890149731397629,4.681021690368652,1.3162550089522533,2.8924198150634766,11.7999267578125,3.979106307029724,5.397314548492432,1.4182082414627075,40
engine_idling,mfcc_10_std,1000,4.639711071968079,4.403443813323975,0.9086669595125503,3.0845510959625244,9.882430076599121,3.9755160212516785,5.139179587364197,1.1636635661125183,28
engine_idling,mfcc_11_std,1000,4.577554768800735,4.378568172454834,0.8702571966486443,3.122380018234253,9.814229011535645,3.9257402420043945,5.055492520332336,1.129752278327942,16
engine_idling,mfcc_12_std,1000,4.5721678657531735,4.336562156677246,0.8830296306579588,2.8592565059661865,10.344954490661621,3.924067497253418,5.039165139198303,1.1150976419448853,23
engine_idling,mfcc_13_std,1000,4.677164183855057,4.3746795654296875,1.05306231692526,2.9705328941345215,10.924078941345215,3.8781609535217285,5.2653889656066895,1.387228012084961,35
gun_shot,duration_audio,374,1.647699155230274,1.4726984126984126,0.9025164552335848,0.166281179138322,4.0,1.0091953125,2.1852551020408164,1.1760597895408165,16
gun_shot,sample_rate,374,53070.32085561498,44100.0,18389.03213455883,22050.0,96000.0,44100.0,48000.0,3900.0,59
gun_shot,audio_samples,374,82097.70588235294,79680.0,40314.900826865734,7333.0,181696.0,52479.0,105549.75,53070.75,0
gun_shot,rms_mean,374,0.10723656605970223,0.07967818528413773,0.10227584427341085,0.0012231911532580853,0.7712433934211731,0.027741137892007828,0.19980916753411293,0.1720680296421051,4
gun_shot,rms_std,374,0.08440953328829498,0.0718691237270832,0.057950331551014866,0.002692566951736808,0.2914804518222809,0.04410350602120161,0.11909352615475655,0.07499002013355494,12
gun_shot,zcr_mean,374,0.055414011921608615,0.0462619609538351,0.04299383325056974,0.0007948764534883721,0.24728631796003717,0.026338136079691758,0.06621670809659091,0.03987857201689916,25
gun_shot,zcr_std,374,0.03365593416015536,0.02557968241609205,0.027924887614018422,0.003499725875370739,0.15113752974834865,0.015571901792493405,0.040836689559795435,0.02526478776730203,28
gun_shot,spectral_centroid_mean,374,2898.1121916625684,2496.0101197195363,1402.3986825934767,1085.911143685132,8025.173705205835,1866.287382623803,3506.854678664814,1640.5672960410109,19
gun_shot,spectral_centroid_std,374,1403.4759931862834,1004.5628202848495,1183.006317492185,263.0904455914471,6897.492702099606,703.4998411526699,1511.573273087437,808.0734319347671,46
gun_shot,spectral_bandwidth_mean,374,3567.688959892245,3492.639339829123,1507.0388497376655,1439.678169047772,9667.400574704878,2279.708630217152,4197.15237677418,1917.4437465570281,10
gun_shot,spectral_bandwidth_std,374,1231.1231651582436,971.2460613986439,850.0691327554094,213.50988045311107,4515.575766213594,718.1445880883316,1408.1167188849986,689.972130796667,32
gun_shot,spectral_rolloff_mean,374,5701.390787676558,4802.531821478407,3052.8208209237714,1619.4740853658536,16052.129181338029,3479.2833625712906,7194.591956133894,3715.3085935626036,18
gun_shot,spectral_rolloff_std,374,3232.151054355415,2443.4136727979358,2517.2220253715545,562.4521475231046,13839.414890308308,1672.7163835281267,3779.872133279536,2107.155749751409,29
gun_shot,mfcc_1_mean,374,-305.79135941694125,-304.0625457763672,154.08850603556306,-695.053955078125,-71.43976593017578,-414.36840057373047,-174.9720115661621,239.39638900756836,0
gun_shot,mfcc_2_mean,374,136.30966038117435,126.29146194458008,64.12170106417594,19.626052856445312,268.50067138671875,87.42722129821777,192.1841163635254,104.75689506530762,0
gun_shot,mfcc_3_mean,374,-25.93379390202861,-23.232436180114746,33.04274484064307,-157.91824340820312,47.63813781738281,-45.39988899230957,-0.5981818735599518,44.80170711874962,10
gun_shot,mfcc_4_mean,374,8.670610657434931,8.109387397766113,14.441075756370571,-56.194725036621094,60.2674674987793,1.3205235004425049,17.079707145690918,15.759183645248413,15
gun_shot,mfcc_5_mean,374,-7.461032569498062,-7.506986379623413,13.319962921259922,-46.11915588378906,25.14089012145996,-16.948432445526123,3.828649401664734,20.777081847190857,0
gun_shot,mfcc_6_mean,374,-0.0675363979516501,1.6610746383666992,12.285797007295859,-65.54084014892578,45.28483963012695,-5.746542811393738,7.100976347923279,12.847519159317017,19
gun_shot,mfcc_7_mean,374,-4.171528339306301,-4.781694650650024,9.477880066685632,-33.344642639160156,22.192306518554688,-10.26551342010498,3.0660913586616516,13.331604778766632,1
gun_shot,mfcc_8_mean,374,-0.13695054003261628,1.0314498543739319,7.9968485593529,-44.95552062988281,23.689966201782227,-5.20414674282074,4.424252271652222,9.628399014472961,10
gun_shot,mfcc_9_mean,374,-1.4439211911447147,-1.81613290309906,6.523407435682931,-23.7628231048584,19.674768447875977,-6.208594799041748,3.241940975189209,9.450535774230957,2
gun_shot,mfcc_10_mean,374,1.7248776149861316,2.26145339012146,6.17205395591667,-13.475414276123047,16.60642433166504,-2.7090495824813843,6.000534653663635,8.70958423614502,0
gun_shot,mfcc_11_mean,374,-1.0500931203948025,-0.6488362550735474,6.439866461493224,-27.30388832092285,12.5588960647583,-6.35429048538208,4.188308596611023,10.542599081993103,1
gun_shot,mfcc_12_mean,374,-0.09269044212474024,1.4812108874320984,6.3318574195847885,-12.208847045898438,19.18905258178711,-5.392868280410767,4.733869791030884,10.12673807144165,0
gun_shot,mfcc_13_mean,374,0.48441601485663893,0.45052312314510345,4.236194724032638,-12.566105842590332,16.84793472290039,-2.656055748462677,3.0506768822669983,5.706732630729675,2
gun_shot,mfcc_1_std,374,110.32763983476609,121.80815887451172,47.69505691232969,22.949228286743164,225.65577697753906,63.7169246673584,149.12509536743164,85.40817070007324,0
gun_shot,mfcc_2_std,374,38.715659161939975,36.45839500427246,16.005533646380407,8.719595909118652,81.01632690429688,28.58157777786255,46.416829109191895,17.835251331329346,14
gun_shot,mfcc_3_std,374,26.73896589381172,25.5777645111084,10.6981976475358,8.654764175415039,66.56669616699219,17.577651500701904,35.70573329925537,18.128081798553467,1
gun_shot,mfcc_4_std,374,18.150621089068327,18.06310272216797,5.42484795442482,6.0173139572143555,41.89318084716797,14.444169998168945,20.933140754699707,6.488970756530762,11
gun_shot,mfcc_5_std,374,13.766536530326395,12.92639684677124,4.154903725876397,6.113218307495117,27.560943603515625,10.673197507858276,16.589670658111572,5.916473150253296,2
gun_shot,mfcc_6_std,374,12.070513495786942,10.890199184417725,4.492515392475421,4.383288860321045,34.419044494628906,8.916134357452393,14.520672798156738,5.604538440704346,16
gun_shot,mfcc_7_std,374,9.418383291698394,8.994696140289307,3.297692555319265,3.4423866271972656,22.74785804748535,7.158362627029419,11.080578804016113,3.9222161769866943,10
gun_shot,mfcc_8_std,374,8.315159834642461,7.843789100646973,2.91201466491574,2.846139430999756,23.333065032958984,6.302333831787109,9.884767055511475,3.5824332237243652,14
gun_shot,mfcc_9_std,374,7.167758334129252,6.815140008926392,2.249898994284347,2.7527694702148438,18.3259220123291,5.714719533920288,8.29252290725708,2.577803373336792,12
gun_shot,mfcc_10_std,374,6.423648737331125,6.06906533241272,1.8017898736148714,3.4108481407165527,12.744731903076172,5.126579403877258,7.365744233131409,2.2391648292541504,11
gun_shot,mfcc_11_std,374,6.040519468287096,5.750291347503662,1.74532253172793,2.9378368854522705,22.976076126098633,4.852608919143677,6.988153100013733,2.135544180870056,4
gun_shot,mfcc_12_std,374,5.732950981925516,5.466123819351196,1.644876892217084,3.1066198348999023,16.74338150024414,4.771829605102539,6.235104560852051,1.4632749557495117,19
gun_shot,mfcc_13_std,374,5.204405851542631,4.972850322723389,1.2626910700459557,2.4547035694122314,14.233322143554688,4.429932117462158,5.713171482086182,1.2832393646240234,16
jackhammer,duration_audio,1000,3.6107318334041953,4.0,0.885928674385271,0.39,4.0,4.0,4.0,0.0,197
jackhammer,sample_rate,1000,56010.3,44100.0,20752.561111889365,44100.0,96000.0,44100.0,48000.0,3900.0,211
jackhammer,audio_samples,1000,199902.668,176400.0,87944.49813746409,27814.0,384000.0,176400.0,192000.0,15600.0,324
jackhammer,rms_mean,1000,0.07375845194375143,0.07210145890712738,0.03435754942124623,0.0035401026252657175,0.19764761626720428,0.0518477987498045,0.0888849850744009,0.037037186324596405,55
jackhammer,rms_std,1000,0.016482882099808194,0.012124200351536274,0.012025724860286854,0.0009994354331865907,0.07569623738527298,0.007869731402024627,0.023636026307940483,0.015766294905915856,20
jackhammer,zcr_mean,1000,0.10048024339457419,0.07751546115595873,0.06448992546939303,0.01582720435252996,0.3096976250958589,0.04565358922101449,0.15553788089166568,0.10988429167065118,0
jackhammer,zcr_std,1000,0.019198593387078768,0.01514235148603869,0.014538046492472888,0.0037716765151133043,0.1101720618530517,0.01064801032466816,0.02175655174349799,0.011108541418829831,98
jackhammer,spectral_centroid_mean,1000,3954.321548479127,3739.3734857110453,1763.2159517384002,1223.5231911593337,9713.373734734276,2410.2652593475595,5414.024180102846,3003.7589207552865,0
jackhammer,spectral_centroid_std,1000,460.83479829249586,398.8269320242807,288.3554619780199,80.14311035983731,1816.2957455739488,239.3993218275946,608.932743150269,369.53342132267437,27
jackhammer,spectral_bandwidth_mean,1000,3851.2148114512906,3772.2792687122283,1125.3458620564838,1579.1966964023788,6768.587544948927,3110.320779997347,4827.544591827419,1717.223811830072,0
jackhammer,spectral_bandwidth_std,1000,271.5424541772036,242.4795658510415,142.9159300051767,69.88314219318005,1114.9737235271823,159.53844075422916,356.70184996180717,197.163409207578,15
jackhammer,spectral_rolloff_mean,1000,7751.799522200096,7465.2200366065845,3140.8230216675183,2278.400135869565,15925.44642857143,5200.174932065218,10238.040989003282,5037.8660569380645,0
jackhammer,spectral_rolloff_std,1000,878.8106362969846,802.4206169613392,489.2204700938686,157.83003245626273,3481.7876737229203,516.0104481333681,1134.9149365119254,618.9044883785573,26
jackhammer,mfcc_1_mean,1000,-191.37799503707885,-179.0479278564453,67.06635745362586,-501.5039978027344,-31.060199737548828,-222.60660934448242,-155.3760871887207,67.23052215576172,52
jackhammer,mfcc_2_mean,1000,145.5073555164337,150.11559295654297,54.601809827766196,27.60516929626465,259.8160400390625,103.35113334655762,181.10054779052734,77.74941444396973,0
jackhammer,mfcc_3_mean,1000,-49.21574551984668,-49.10909461975098,28.515766046521662,-120.24970245361328,36.30238342285156,-68.89826202392578,-30.939812183380127,37.958449840545654,6
jackhammer,mfcc_4_mean,1000,47.7558757853508,43.878732681274414,16.652716714031495,7.125922679901123,95.06310272216797,34.71467971801758,59.44493579864502,24.73025608062744,0
jackhammer,mfcc_5_mean,1000,-20.06900051764399,-17.684860229492188,12.998223600046304,-59.831661224365234,12.441802024841309,-30.83797025680542,-11.359992980957031,19.47797727584839,0
jackhammer,mfcc_6_mean,1000,16.57762196024507,18.06252670288086,15.06822813104985,-27.21046257019043,61.118247985839844,7.821025967597961,25.297028064727783,17.476002097129822,44
jackhammer,mfcc_7_mean,1000,-2.159533831173554,-2.6616663932800293,10.128669245710102,-30.284700393676758,22.65253448486328,-9.890300750732422,5.754590034484863,15.644890785217285,0
jackhammer,mfcc_8_mean,1000,8.090843961398118,9.45627212524414,9.722942667794085,-16.918432235717773,36.56226348876953,1.1977244317531586,15.047102451324463,13.849378019571304,2
jackhammer,mfcc_9_mean,1000,-1.4117748598235194,0.5368600487709045,9.915442349693382,-28.40081024169922,16.509172439575195,-8.433711767196655,6.075171709060669,14.508883476257324,0
jackhammer,mfcc_10_mean,1000,4.790630859793164,4.674113035202026,8.7310714248786,-15.077073097229004,25.663755416870117,-1.3826362490653992,9.857839107513428,11.240475356578827,0
jackhammer,mfcc_11_mean,1000,-4.335933330519328,-2.624375343322754,9.267160716458722,-28.78190040588379,14.683104515075684,-10.371136903762817,2.4106252193450928,12.78176212310791,0
jackhammer,mfcc_12_mean,1000,1.8770270876876165,1.2559848427772522,5.598744504714239,-14.86196231842041,18.509559631347656,-2.2495040893554688,5.748998761177063,7.998502850532532,4
jackhammer,mfcc_13_mean,1000,-0.7671591834044084,-0.1433422490954399,6.91697977039891,-24.823896408081055,14.651330947875977,-4.031619668006897,3.524707853794098,7.556327521800995,48
jackhammer,mfcc_1_std,1000,31.903165355205537,30.083691596984863,19.469167486014324,4.766247749328613,132.9075469970703,14.387944459915161,44.83772850036621,30.44978404045105,12
jackhammer,mfcc_2_std,1000,12.748516280174256,11.881534576416016,5.507083911192189,4.628086566925049,41.47725296020508,8.636851787567139,15.5407075881958,6.903855800628662,26
jackhammer,mfcc_3_std,1000,9.37456891798973,8.431893825531006,4.05115473553399,3.6429691314697266,29.58278465270996,6.513092756271362,11.271717548370361,4.758624792098999,39
jackhammer,mfcc_4_std,1000,7.604179726600647,7.2223005294799805,2.7330980382810157,3.6986138820648193,24.58420181274414,5.559793949127197,8.77861213684082,3.218818187713623,29
jackhammer,mfcc_5_std,1000,6.964262627601624,6.1913957595825195,2.7354515760675238,3.158277750015259,29.7176513671875,5.005982279777527,8.141179084777832,3.135196805000305,40
jackhammer,mfcc_6_std,1000,6.039263962030411,5.621248245239258,1.7567699865046515,3.3060781955718994,14.846817016601562,4.67508065700531,7.078216552734375,2.403135895729065,14
jackhammer,mfcc_7_std,1000,5.6920267879962925,5.455221652984619,1.501286469114854,2.5857996940612793,12.231637954711914,4.536657094955444,6.491232752799988,1.9545756578445435,19
jackhammer,mfcc_8_std,1000,5.318496495246888,5.17929220199585,1.1775393821856956,2.618000030517578,11.892578125,4.4295814037323,5.968855500221252,1.5392740964889526,23
jackhammer,mfcc_9_std,1000,5.1734710876941685,5.019021511077881,1.1215123645984888,3.1118509769439697,11.077462196350098,4.261760830879211,5.865734577178955,1.6039737462997437,11
jackhammer,mfcc_10_std,1000,4.981948756694794,4.757010221481323,1.0128714935191474,3.1925249099731445,8.991419792175293,4.1922290325164795,5.562085390090942,1.369856357574463,17
jackhammer,mfcc_11_std,1000,5.0351329517364505,4.823593616485596,1.1335024360226207,3.2177302837371826,10.989673614501953,4.177374720573425,5.587604403495789,1.4102296829223633,28
jackhammer,mfcc_12_std,1000,4.912441232204437,4.735748052597046,1.0131628664214634,2.2245566844940186,9.184205055236816,4.149005055427551,5.5141282081604,1.3651231527328491,16
jackhammer,mfcc_13_std,1000,4.8362114193439485,4.668869733810425,0.9376505060165999,2.3126091957092285,9.512839317321777,4.101616621017456,5.369323372840881,1.2677067518234253,12
siren,duration_audio,929,3.910314003732099,4.0,0.5026740471631663,0.26,4.0,4.0,4.0,0.0,32
siren,sample_rate,929,45104.224973089345,44100.0,5138.016905154316,11025.0,48000.0,44100.0,48000.0,3900.0,21
siren,audio_samples,929,176288.37674919268,176400.0,30480.332485680807,12480.0,192000.0,176400.0,192000.0,15600.0,52
siren,rms_mean,929,0.07104387263291484,0.041383013129234314,0.07061773471633857,0.00017559518164489418,0.31102997064590454,0.01483949739485979,0.11661415547132492,0.10177465807646513,2
siren,rms_std,929,0.01969779415138706,0.010709062218666077,0.024098453904977755,4.1297484131064266e-05,0.17360898852348328,0.00383272604085505,0.02745978906750679,0.02362706302665174,75
siren,zcr_mean,929,0.049840402421754935,0.0486567071143617,0.021351634257154844,0.005993829257246377,0.17731827445652174,0.038064707880434784,0.06043365036231884,0.022368942481884056,37
siren,zcr_std,929,0.011756879897304345,0.008988162605123789,0.011317562192918865,0.002465767890308381,0.18854274670495735,0.006226262434810763,0.012923966698596547,0.0066977042637857845,72
siren,spectral_centroid_mean,929,1934.9032373445682,1857.0644837784332,712.1187760496426,512.2796286857842,5929.761539776621,1477.6923103602496,2210.6622961903154,732.9699858300658,45
siren,spectral_centroid_std,929,303.4187325575498,246.56938889870273,211.18782021297704,29.4314612602277,2537.317207889564,160.78972552837826,364.01074930149423,203.22102377311597,55
siren,spectral_bandwidth_mean,929,2590.659911516225,2244.39527870625,1101.9234281860236,650.5636851185319,7332.981720280183,1826.5026692301624,3209.5968164984247,1383.0941472682623,27
siren,spectral_bandwidth_std,929,358.7706894142134,314.0184704041398,186.41578911130907,25.196378609703622,1424.23002267452,226.47318011990188,446.66652047291933,220.19334035301745,22
siren,spectral_rolloff_mean,929,3221.8088825460054,2729.411514945652,1918.048730546735,917.2520380434783,16014.54454787234,2075.153756648936,3561.6542119565215,1486.5004553075855,67
siren,spectral_rolloff_std,929,827.8960922258232,585.6643746144806,665.2065856910534,77.2735633033763,5138.696529730674,378.0310958551522,1019.477620528668,641.4465246735158,60
siren,mfcc_1_mean,929,-355.0220575034939,-338.6502990722656,154.2528288387441,-781.1384887695312,-41.70812225341797,-457.38348388671875,-236.52503967285156,220.8584442138672,0
siren,mfcc_2_mean,929,170.98406290109756,171.41647338867188,41.02051178003356,34.42036056518555,282.0140075683594,145.34376525878906,204.0140838623047,58.670318603515625,9
siren,mfcc_3_mean,929,-30.252768445761514,-30.832956314086914,40.548292652366776,-140.56932067871094,63.29832458496094,-52.408695220947266,-4.618450164794922,47.790245056152344,28
siren,mfcc_4_mean,929,-3.6895509887851605,-3.353811025619507,21.661558505011357,-87.4692611694336,60.819496154785156,-19.129953384399414,10.432326316833496,29.56227970123291,8
siren,mfcc_5_mean,929,-15.165172930305625,-13.518314361572266,18.797716431533527,-70.8408203125,30.703649520874023,-24.937335968017578,-1.1773658990859985,23.75997006893158,28
siren,mfcc_6_mean,929,2.6008260749918044,2.4003500938415527,14.684531937939985,-43.06146240234375,40.01774597167969,-7.498806953430176,11.482120513916016,18.98092746734619,14
siren,mfcc_7_mean,929,4.163460742045631,4.593990325927734,10.333189269087844,-50.23713684082031,51.703067779541016,-0.9343769550323486,11.4420804977417,12.376457452774048,18
siren,mfcc_8_mean,929,12.435830678917123,11.160399436950684,10.070209093891256,-47.06949234008789,50.24883270263672,6.513934135437012,17.992937088012695,11.479002952575684,27
siren,mfcc_9_mean,929,9.435231277715506,9.534566879272461,9.343026591507696,-33.72435760498047,49.14752197265625,3.860264539718628,14.792059898376465,10.931795358657837,30
siren,mfcc_10_mean,929,3.4409964237176935,3.2191548347473145,8.538850442884343,-27.40715789794922,29.24452018737793,-2.0759904384613037,7.868103504180908,9.944093942642212,35
siren,mfcc_11_mean,929,-0.5369499306238594,-0.6790244579315186,6.814782034277666,-23.7519588470459,19.223020553588867,-5.4858622550964355,4.542443752288818,10.028306007385254,5
siren,mfcc_12_mean,929,3.459245663210429,3.8983452320098877,7.048108772244476,-17.834400177001953,18.8098087310791,-1.7544317245483398,8.713665962219238,10.468097686767578,1
siren,mfcc_13_mean,929,4.545728396443626,4.242101669311523,7.06988643549772,-19.83388328552246,23.7355899810791,0.8721163868904114,8.900633811950684,8.028517425060272,38
siren,mfcc_1_std,929,21.974562483788564,17.06995964050293,15.624981816049463,4.681366920471191,105.4534683227539,11.455848693847656,28.050975799560547,16.59512710571289,45
siren,mfcc_2_std,929,12.74827664455377,11.109795570373535,6.31467348513219,3.167539358139038,44.55075454711914,8.086064338684082,16.04973793029785,7.9636735916137695,29
siren,mfcc_3_std,929,11.001085715863626,8.996089935302734,6.39174534118844,3.7874855995178223,50.82541275024414,6.741942405700684,12.787205696105957,6.045263290405273,57
siren,mfcc_4_std,929,9.111059694936895,7.880946159362793,4.434016995846234,2.601402759552002,31.980714797973633,6.256519317626953,10.75904655456543,4.502527236938477,49
siren,mfcc_5_std,929,8.509734306705012,7.392756462097168,3.684261961209664,2.8359968662261963,22.97838592529297,5.912413120269775,10.201436996459961,4.2890238761901855,35
siren,mfcc_6_std,929,8.812208781329629,7.569081783294678,4.026148105171035,3.039515972137451,27.327617645263672,5.816685199737549,10.785088539123535,4.968403339385986,26
siren,mfcc_7_std,929,10.218104222875622,8.770268440246582,5.425031617547923,3.43184757232666,36.83031463623047,6.218808650970459,12.523392677307129,6.30458402633667,38
siren,mfcc_8_std,929,9.660910694925084,8.450139999389648,4.92804050912256,3.2305221557617188,34.16464614868164,5.789089202880859,12.160245895385742,6.371156692504883,24
siren,mfcc_9_std,929,9.909861280407407,8.338652610778809,5.596502384427176,1.5622506141662598,32.54759216308594,5.5983357429504395,12.805496215820312,7.207160472869873,24
siren,mfcc_10_std,929,10.818911012458596,8.809850692749023,6.447201406378154,3.4861092567443848,37.46139144897461,5.924732208251953,13.51911449432373,7.594382286071777,31
siren,mfcc_11_std,929,9.845085346788585,8.448716163635254,5.223913431429504,3.216846466064453,32.64857482910156,5.740994453430176,12.478675842285156,6.7376813888549805,21
siren,mfcc_12_std,929,9.475189016504359,7.948110580444336,5.329594052716319,3.3003668785095215,33.04277038574219,5.414125919342041,12.057141304016113,6.643015384674072,26
siren,mfcc_13_std,929,9.361098234568782,7.983609676361084,5.320388770671881,2.58304762840271,34.59835433959961,5.400869846343994,11.930925369262695,6.530055522918701,39
street_music,duration_audio,1000,4.0,4.0,0.0,4.0,4.0,4.0,4.0,0.0,0
street_music,sample_rate,1000,45468.6,44100.0,12453.640720978232,8000.0,96000.0,44100.0,44100.0,0.0,314
street_music,audio_samples,1000,181874.4,176400.0,49814.56288391293,32000.0,384000.0,176400.0,176400.0,0.0,314
street_music,rms_mean,1000,0.07060725899715908,0.05713480897247791,0.0569109507743657,0.0015909218927845359,0.44160252809524536,0.029813867062330246,0.09584671817719936,0.06603285111486912,33
street_music,rms_std,1000,0.02685708322399296,0.01995024923235178,0.02287020516526215,0.0003932531108148396,0.146743044257164,0.009769622469320893,0.03942215349525213,0.02965253102593124,27
street_music,zcr_mean,1000,0.05030829482060315,0.04029381793478261,0.03636354620251725,0.0019310190579227696,0.2508913070436508,0.02770783797554348,0.05649555593297101,0.02878771795742753,98
street_music,zcr_std,1000,0.015953199006630534,0.012286353735760442,0.011809393987798046,0.0018102743075159502,0.15295855183855986,0.008677311901901531,0.019952692389053315,0.011275380487151784,55
street_music,spectral_centroid_mean,1000,2093.1786886547,1961.2098908016608,853.4454922479903,524.084323400982,10321.823405009038,1561.876470188088,2482.43664418946,920.5601740013719,27
street_music,spectral_centroid_std,1000,472.0666498191317,363.5929407152403,409.70105973530605,47.53674722442826,8705.752205462664,260.631315733871,569.1987079829446,308.5673922490736,66
street_music,spectral_bandwidth_mean,1000,2901.820847089999,2715.9528801715883,1307.551877405057,833.4518478959787,16903.456583467538,2237.462964456759,3245.9409607688062,1008.4779963120473,40
street_music,spectral_bandwidth_std,1000,449.153256914429,386.04882710791514,305.12366469526603,28.555171899468217,4158.474676141102,278.70614514315673,526.8554359943857,248.149290851229,52
street_music,spectral_rolloff_mean,1000,3979.0400340037245,3530.5775314740404,2175.192098944089,572.0497669773636,38840.27546604527,2765.1285453464675,4836.451044497283,2071.3224991508155,34
street_music,spectral_rolloff_std,1000,1208.4982008098025,957.4178855786702,1153.0740947907964,91.5344068412466,17466.314898294728,578.1613264013303,1502.940895761758,924.7795693604277,48
street_music,mfcc_1_mean,1000,-273.04976042985913,-276.10968017578125,100.15769506995039,-622.5491943359375,20.828256607055664,-338.7400436401367,-210.01177978515625,128.72826385498047,13
street_music,mfcc_2_mean,1000,168.30336793136595,172.03627014160156,34.24742375992727,38.405059814453125,245.97781372070312,150.50355911254883,191.51067352294922,41.00711441040039,29
street_music,mfcc_3_mean,1000,-25.22785926790908,-23.855265617370605,30.530170927432675,-130.01959228515625,57.76692581176758,-43.42503356933594,-6.271614074707031,37.153419494628906,19
street_music,mfcc_4_mean,1000,23.13717663346231,25.64455223083496,17.975621176552018,-52.954010009765625,76.48816680908203,14.994288206100464,33.23736000061035,18.243071794509888,67
street_music,mfcc_5_mean,1000,-5.849421305092052,-6.1212804317474365,16.537595744008858,-57.75981521606445,52.726165771484375,-17.034401416778564,5.519482493400574,22.553883910179138,10
street_music,mfcc_6_mean,1000,9.289998281626497,9.821163177490234,12.438281476816059,-33.08670425415039,45.4310188293457,1.160569965839386,17.04358673095703,15.883016765117645,13
street_music,mfcc_7_mean,1000,-6.629825835683849,-5.694657564163208,12.109989057021266,-54.9213752746582,48.90486526489258,-13.729090213775635,0.4310637563467026,14.160153970122337,19
street_music,mfcc_8_mean,1000,3.4491848069187254,3.7981648445129395,9.349607574486248,-26.493240356445312,31.517736434936523,-2.796809673309326,9.885131120681763,12.681940793991089,9
street_music,mfcc_9_mean,1000,-5.307063934520353,-5.21399450302124,9.855866325139374,-42.44196701049805,28.387784957885742,-10.935762643814087,1.2077199816703796,12.143482625484467,19
street_music,mfcc_10_mean,1000,-1.1652274961671791,-0.9117051362991333,9.185530480605463,-32.42529296875,35.43727111816406,-6.451552152633667,4.493472576141357,10.945024728775024,27
street_music,mfcc_11_mean,1000,-2.260694835525472,-1.7863004207611084,8.552772977544747,-46.614986419677734,37.0885124206543,-6.731769442558289,3.0969778895378113,9.8287473320961,23
street_music,mfcc_12_mean,1000,-1.2645817541833968,-1.2489770650863647,7.4595299549577705,-26.441551208496094,21.121150970458984,-6.337838411331177,3.588380753993988,9.926219165325165,14
street_music,mfcc_13_mean,1000,-2.562057501336327,-1.8509937524795532,7.542374304485092,-29.216123580932617,26.021648406982422,-6.069468975067139,1.9374947249889374,8.006963700056076,45
street_music,mfcc_1_std,1000,29.858812598705292,25.438973426818848,16.20738257575178,5.449206829071045,146.16876220703125,18.903019905090332,36.32650375366211,17.423483848571777,45
street_music,mfcc_2_std,1000,16.095257178783417,15.018661975860596,6.284806237902215,5.026430130004883,72.19447326660156,11.84782338142395,18.827752113342285,6.979928731918335,42
street_music,mfcc_3_std,1000,12.687720252037048,11.681360721588135,4.609622596668225,4.54890251159668,48.5255241394043,9.41909909248352,15.064993619918823,5.645894527435303,23
street_music,mfcc_4_std,1000,9.942098711013793,9.501684188842773,3.036081477826987,4.074398040771484,27.4473934173584,7.736267447471619,11.45207691192627,3.715809464454651,29
street_music,mfcc_5_std,1000,9.022888116836548,8.54461145401001,2.5301138276808652,4.244616508483887,19.261127471923828,7.229566931724548,10.437054634094238,3.20748770236969,20
street_music,mfcc_6_std,1000,7.967999973297119,7.600079774856567,2.1319827049716285,4.261247158050537,20.121652603149414,6.533161759376526,8.936339378356934,2.4031776189804077,36
street_music,mfcc_7_std,1000,7.459517813682556,7.126756429672241,1.940204119155084,3.799178123474121,23.985553741455078,6.103198528289795,8.421756505966187,2.3185579776763916,26
street_music,mfcc_8_std,1000,7.025191431999207,6.713717222213745,1.7653878796616465,3.7762300968170166,17.524398803710938,5.839312314987183,7.85112452507019,2.011812210083008,34
street_music,mfcc_9_std,1000,6.805217344284058,6.455200433731079,1.8651489928232945,3.663196563720703,17.528356552124023,5.593338489532471,7.474406719207764,1.881068229675293,42
street_music,mfcc_10_std,1000,6.541993254899979,6.255200624465942,1.7786359776541125,3.695460081100464,17.575275421142578,5.500848770141602,7.13969612121582,1.6388473510742188,50
street_music,mfcc_11_std,1000,6.4562675116062165,6.081762790679932,1.8338710942870005,3.56396746635437,26.222732543945312,5.345057249069214,7.066446661949158,1.7213894128799438,48
street_music,mfcc_12_std,1000,6.3532868304252625,6.00285267829895,1.722733647236305,3.4251718521118164,22.55083656311035,5.22442889213562,7.071431875228882,1.8470029830932617,34
street_music,mfcc_13_std,1000,6.2457781128883365,5.887887239456177,1.6184034652170918,3.572223424911499,20.186450958251953,5.160648941993713,6.896966934204102,1.7363179922103882,40
